Question,label
What are the symptoms of Shingles ?,0
How many people are affected by Czech dysplasia ?,0
what research (or clinical trials) is being done for Parathyroid Cancer ?,0
What is (are) dihydropyrimidine dehydrogenase deficiency ?,0
What is the outlook for Acute Disseminated Encephalomyelitis ?,0
What are the stages of Retinoblastoma ?,0
What is (are) persistent Mllerian duct syndrome ?,0
How many people are affected by autosomal dominant hypocalcemia ?,0
What is (are) Juvenile amyotrophic lateral sclerosis ?,0
What are the symptoms of Mycobacterium Malmoense ?,0
What are the symptoms of Sertoli cell-only syndrome ?,0
What to do for Treatment Methods for Kidney Failure: Peritoneal Dialysis ?,0
What is (are) Mulibrey Nanism ?,0
What is (are) Atypical Chronic Myelogenous Leukemia ?,0
What are the symptoms of Focal dystonia ?,0
What is (are) Ullrich congenital muscular dystrophy ?,0
Do you have information about Child Mental Health,0
What is (are) Notalgia paresthetica ?,0
Do you have information about Flu Shot,0
What are the symptoms of Osteoarthritis ?,0
What are the genetic changes related to Schinzel-Giedion syndrome ?,0
what research (or clinical trials) is being done for Motor Neuron Diseases ?,0
Who is at risk for Peripheral Artery Disease? ?,0
What is (are) Osteopetrosis autosomal recessive 2 ?,0
What are the symptoms of Osteogenesis imperfecta type I ?,0
What are the treatments for familial porencephaly ?,0
Do you have information about Clinical Trials,0
What is (are) Heart Attack ?,0
What causes Pineal cyst ?,0
What are the treatments for primary spontaneous pneumothorax ?,0
What is (are) Progressive multifocal leukoencephalopathy ?,0
What is (are) Porencephaly ?,0
What are the symptoms of Hyperglycerolemia ?,0
What are the genetic changes related to primary hyperoxaluria ?,0
What are the symptoms of Jung Wolff Back Stahl syndrome ?,0
What causes Overview of Kidney Disease in Children ?,0
What are the treatments for Neuromyelitis Optica ?,0
What are the symptoms of De Barsy syndrome ?,0
How to prevent Kidney Disease ?,0
What are the genetic changes related to spinal muscular atrophy with progressive myoclonic epilepsy ?,0
What is the outlook for Prosopagnosia ?,0
What are the genetic changes related to acromicric dysplasia ?,0
What are the symptoms of Alkhurma Hemorrhagic Fever (AHF) ?,0
Is Fragile X syndrome inherited ?,0
What is the outlook for Hemifacial Spasm ?,0
What causes Lipedema ?,0
What is the outlook for Trigeminal Neuralgia ?,0
Is VACTERL association inherited ?,0
Is SYNGAP1-related intellectual disability inherited ?,0
What is (are) Coronary Heart Disease Risk Factors ?,0
What are the treatments for Unverricht-Lundborg disease ?,0
What is (are) congenital afibrinogenemia ?,0
What causes Sneddon syndrome ?,0
What are the treatments for X-linked thrombocytopenia ?,0
What are the stages of Ovarian Germ Cell Tumors ?,0
What are the treatments for Benign schwannoma ?,0
What are the genetic changes related to SADDAN ?,0
What are the treatments for X-linked infantile spasm syndrome ?,0
Is Prader-Willi syndrome inherited ?,0
What is the outlook for Periventricular Leukomalacia ?,0
What is (are) Antisynthetase syndrome ?,0
What are the symptoms of Acute alcohol sensitivity ?,0
What is (are) Turner Syndrome ?,0
What are the treatments for Adult Hodgkin Lymphoma ?,0
What is (are) Bethlem myopathy ?,0
Is Paget disease of bone inherited ?,0
What are the symptoms of Premature aging Okamoto type ?,0
What is (are) Childhood Central Nervous System Germ Cell Tumors ?,0
What is (are) isolated lissencephaly sequence ?,0
What is (are) von Willebrand disease ?,0
How many people are affected by Denys-Drash syndrome ?,0
What is (are) Hypoaldosteronism ?,0
What causes Insomnia ?,0
What causes Immunodeficiency with hyper IgM type 1 ?,0
What is (are) Heart Attack ?,0
What are the treatments for purine nucleoside phosphorylase deficiency ?,0
What is (are) Femoral facial syndrome ?,0
What are the treatments for Brown-Sequard syndrome ?,0
How many people are affected by abdominal wall defect ?,0
What is (are) pyruvate carboxylase deficiency ?,0
What are the symptoms of Kaposi sarcoma ?,0
"What are the genetic changes related to GM2-gangliosidosis, AB variant ?",0
What are the treatments for myosin storage myopathy ?,0
What is (are) congenital plasminogen deficiency ?,0
Is SOX2 anophthalmia syndrome inherited ?,0
What are the symptoms of Kenny-Caffey syndrome type 1 ?,0
What causes Urinary Retention ?,0
What is (are) Fabry disease ?,0
Is FOXG1 syndrome inherited ?,0
What causes Abetalipoproteinemia ?,0
What are the genetic changes related to corticosteroid-binding globulin deficiency ?,0
What are the symptoms of Fryns Hofkens Fabry syndrome ?,0
What is (are) Leukemia ?,0
What are the treatments for Neuroacanthocytosis ?,0
What are the stages of Childhood Brain Stem Glioma ?,0
Is 5q minus syndrome inherited ?,0
What is (are) Skin Cancer ?,0
What are the treatments for 2-hydroxyglutaric aciduria ?,0
What is (are) Leukemia ?,0
What is (are) GRACILE syndrome ?,0
Do you have information about Medical Ethics,0
What are the symptoms of Colpocephaly ?,0
What is (are) benign essential blepharospasm ?,0
What is (are) Fuchs endothelial corneal dystrophy ?,0
What are the symptoms of Keratosis follicularis dwarfism and cerebral atrophy ?,0
What are the treatments for adult polyglucosan body disease ?,0
What are the treatments for Duane syndrome type 1 ?,0
Is Sheldon-Hall syndrome inherited ?,0
What are the symptoms of Michels syndrome ?,0
What to do for What I need to know about Diarrhea ?,0
What are the treatments for Legg-Calv-Perthes disease ?,0
What is (are) 15q13.3 microduplication syndrome ?,0
What are the treatments for lactate dehydrogenase deficiency ?,0
What are the symptoms of Meckel syndrome type 2 ?,0
What is (are) Distal chromosome 18q deletion syndrome ?,0
What is (are) Multifocal choroiditis ?,0
What is (are) What I need to know about Hirschsprung Disease ?,0
"What is (are) Gay, Lesbian, Bisexual and Transgender Health ?",0
what research (or clinical trials) is being done for Tuberous Sclerosis ?,0
What are the genetic changes related to Fryns syndrome ?,0
What is (are) Kidney Stones in Adults ?,0
What is (are) Non-classic congenital adrenal hyperplasia due to 21-hydroxylase deficiency ?,0
What is (are) Noonan syndrome 1 ?,0
What are the treatments for Creutzfeldt-Jakob disease ?,0
What is (are) Empty Sella Syndrome ?,0
Is Moebius syndrome inherited ?,0
What is (are) Lattice corneal dystrophy type 3A ?,0
What are the symptoms of GM1 gangliosidosis type 1 ?,0
What are the symptoms of Histiocytosis-lymphadenopathy plus syndrome ?,0
What is (are) Acute febrile neutrophilic dermatosis ?,0
"What are the symptoms of Deafness, autosomal recessive 51 ?",0
What is the outlook for Primary Lateral Sclerosis ?,0
How many people are affected by retinoblastoma ?,0
How to diagnose Broken Heart Syndrome ?,0
What are the treatments for benign recurrent intrahepatic cholestasis ?,0
What are the treatments for Hypoaldosteronism ?,0
What are the treatments for Valinemia ?,0
What are the treatments for Chromosome 4q deletion ?,0
Is hypochondroplasia inherited ?,0
What is (are) Andersen-Tawil syndrome ?,0
What is (are) Lip and Oral Cavity Cancer ?,0
What causes Fowler's syndrome ?,0
What is (are) Chronic lymphocytic inflammation with pontine perivascular enhancement responsive to steroids ?,0
what research (or clinical trials) is being done for Attention Deficit-Hyperactivity Disorder ?,0
Do you have information about Limb Loss,0
What causes Tourette syndrome ?,0
What are the treatments for Hairy Cell Leukemia ?,0
What is (are) Renal Artery Stenosis ?,0
What are the symptoms of Pernicious Anemia ?,0
What is (are) Parkinson's Disease ?,0
What are the genetic changes related to glutaric acidemia type II ?,0
What are the symptoms of Loose anagen hair syndrome ?,0
How to prevent What I need to know about Kidney Stones ?,0
What is (are) Floating-Harbor syndrome ?,0
What is (are) Lung Cancer ?,0
What are the symptoms of Childhood Central Nervous System Atypical Teratoid/Rhabdoid Tumor ?,0
How to diagnose Peters plus syndrome ?,0
What is (are) Parasites - Enterobiasis (also known as Pinworm Infection) ?,0
What are the treatments for Guillain-Barr Syndrome ?,0
What causes Causes of Diabetes ?,0
What are the treatments for cytogenetically normal acute myeloid leukemia ?,0
What are the treatments for Dihydropyrimidine dehydrogenase deficiency ?,0
What is (are) Sickle Cell Disease ?,0
Is Adolescent idiopathic scoliosis inherited ?,0
What causes 22q11.2 deletion syndrome ?,0
What is (are) Trisomy 17 mosaicism ?,0
What is (are) Camurati-Engelmann disease ?,0
What are the treatments for coloboma ?,0
What are the symptoms of Stroke ?,0
What are the treatments for color vision deficiency ?,0
What are the treatments for mannose-binding lectin deficiency ?,0
What is (are) dihydrolipoamide dehydrogenase deficiency ?,0
What is (are) Ewing sarcoma ?,0
What are the symptoms of Prolactinoma ?,0
Is oculofaciocardiodental syndrome inherited ?,0
What is (are) Familial osteochondritis dissecans ?,0
"What is (are) Ohdo syndrome, Say-Barber-Biesecker-Young-Simpson variant ?",0
Is Doyne honeycomb retinal dystrophy inherited ?,0
What are the symptoms of Anencephaly and spina bifida X-linked ?,0
What to do for Chronic Diarrhea in Children ?,0
How many people are affected by Waardenburg syndrome ?,0
Who is at risk for Sleep Deprivation and Deficiency? ?,0
What are the genetic changes related to retroperitoneal fibrosis ?,0
What are the treatments for Uncombable hair syndrome ?,0
What is (are) eosinophil peroxidase deficiency ?,0
What are the treatments for Childhood Craniopharyngioma ?,0
What are the treatments for Hydrocephalus ?,0
What is (are) Rhabdoid tumor ?,0
What are the symptoms of Brachyolmia type 3 ?,0
"What are the symptoms of Deafness, autosomal dominant nonsyndromic sensorineural 22 ?",0
What is (are) Abdominal Pain ?,0
What is (are) steatocystoma multiplex ?,0
How to prevent Anal Cancer ?,0
How many people are affected by von Hippel-Lindau syndrome ?,0
How many people are affected by Nager syndrome ?,0
What are the symptoms of Familial isolated hyperparathyroidism ?,0
What is (are) Pernicious Anemia ?,0
Is Intellectual disability-developmental delay-contractures syndrome inherited ?,0
Is Amyotrophic lateral sclerosis inherited ?,0
What are the genetic changes related to Klippel-Trenaunay syndrome ?,0
How many people are affected by Arts syndrome ?,0
Is early-onset primary dystonia inherited ?,0
what research (or clinical trials) is being done for Herpes Zoster Oticus ?,0
How many people are affected by Alstrm syndrome ?,0
Is Juvenile myoclonic epilepsy inherited ?,0
How to prevent IgA Nephropathy ?,0
Who is at risk for Pancreatic Cancer? ?,0
Is L1 syndrome inherited ?,0
What is (are) Schindler disease ?,0
What are the treatments for Klinefelter syndrome ?,0
What is (are) transthyretin amyloidosis ?,0
How to diagnose Adrenal Insufficiency and Addison's Disease ?,0
What is (are) Childhood Central Nervous System Atypical Teratoid/Rhabdoid Tumor ?,0
what research (or clinical trials) is being done for Pancreatic Neuroendocrine Tumors (Islet Cell Tumors) ?,0
What are the symptoms of PPM-X syndrome ?,0
What is (are) galactosialidosis ?,0
What is (are) Creating a Family Health History ?,0
Is Gordon syndrome inherited ?,0
What is (are) neurofibromatosis type 1 ?,0
What are the symptoms of Dandy-Walker malformation with facial hemangioma ?,0
How to prevent Parasites - Babesiosis ?,0
What are the symptoms of Dyssegmental dysplasia Silverman-Handmaker type ?,0
Is neurofibromatosis type 1 inherited ?,0
What is (are) Ellis-van Creveld syndrome ?,0
What are the treatments for Heart Attack ?,0
Who is at risk for Hendra Virus Disease (HeV)? ?,0
What are the symptoms of Gray platelet syndrome ?,0
What is (are) 3-methylglutaconyl-CoA hydratase deficiency ?,0
What are the treatments for familial isolated pituitary adenoma ?,0
What are the genetic changes related to Refsum disease ?,0
What are the genetic changes related to factor X deficiency ?,0
What are the symptoms of Ectopia pupillae ?,0
What are the genetic changes related to generalized arterial calcification of infancy ?,0
What causes Lynch syndrome ?,0
Is Robinow syndrome inherited ?,0
What are the genetic changes related to dyserythropoietic anemia and thrombocytopenia ?,0
What are the treatments for dystrophic epidermolysis bullosa ?,0
What is (are) Prostate Cancer ?,0
How many people are affected by Coffin-Lowry syndrome ?,0
What is (are) Mitochondrial complex II deficiency ?,0
What are the treatments for Tracheobronchopathia osteoplastica ?,0
What are the symptoms of Nelson syndrome ?,0
What are the symptoms of Diabetes mellitus type 1 ?,0
What is (are) Fibrodysplasia ossificans progressiva ?,0
What are the treatments for spinal muscular atrophy with progressive myoclonic epilepsy ?,0
What are the genetic changes related to deafness-dystonia-optic neuronopathy syndrome ?,0
How to diagnose Alagille Syndrome ?,0
Is McCune Albright syndrome inherited ?,0
Is X-linked myotubular myopathy inherited ?,0
Is 15q13.3 microdeletion inherited ?,0
What is (are) Autoimmune Hepatitis ?,0
What are the treatments for pulmonary arterial hypertension ?,0
What is (are) Stress ?,0
What causes Chronic inflammatory demyelinating polyneuropathy ?,0
What is (are) Chronic Diarrhea in Children ?,0
What are the treatments for lattice corneal dystrophy type II ?,0
What is (are) Deafness and myopia syndrome ?,0
What is (are) Age-related Macular Degeneration ?,0
"What are the symptoms of Spondyloepimetaphyseal dysplasia, Aggrecan type ?",0
What are the genetic changes related to Langerhans cell histiocytosis ?,0
What are the treatments for Syringomyelia ?,0
What is (are) Myotonic dystrophy ?,0
Is Alpha-thalassemia inherited ?,0
Do you have information about Prenatal Care,0
What is (are) Leber hereditary optic neuropathy ?,0
What are the genetic changes related to congenital hyperinsulinism ?,0
What is (are) Degenerative Nerve Diseases ?,0
What are the symptoms of Corneodermatoosseous syndrome ?,0
What are the treatments for Pallister-Hall syndrome ?,0
What is the outlook for Kearns-Sayre Syndrome ?,0
How many people are affected by ornithine translocase deficiency ?,0
What is (are) Acute Lymphocytic Leukemia ?,0
What are the genetic changes related to primary sclerosing cholangitis ?,0
What to do for Porphyria ?,0
What is (are) Chiari malformation ?,0
What are the symptoms of Verloove Vanhorick Brubakk syndrome ?,0
What is (are) Mercury poisoning ?,0
What is (are) High Blood Pressure ?,0
How many people are affected by sialuria ?,0
Is von Willebrand disease inherited ?,0
What causes Thalassemia ?,0
What is (are) Prostate Cancer ?,0
What is (are) Non-A-E hepatitis ?,0
How many people are affected by permanent neonatal diabetes mellitus ?,0
What are the symptoms of Familial hyperaldosteronism type III ?,0
What are the symptoms of Focal dermal hypoplasia ?,0
How to diagnose Marfan Syndrome ?,0
What are the genetic changes related to mitochondrial membrane protein-associated neurodegeneration ?,0
Is Simpson-Golabi-Behmel syndrome inherited ?,0
What is (are) Kidney Failure ?,0
What causes Cerebrotendinous xanthomatosis ?,0
What is (are) Rheumatic Fever ?,0
What causes Juvenile retinoschisis ?,0
What are the symptoms of Congenital sucrase-isomaltase deficiency ?,0
What is (are) Ambras syndrome ?,0
What to do for Gastritis ?,0
Is Russell-Silver syndrome inherited ?,0
What is (are) Polymyositis ?,0
What is (are) Living with HIV/AIDS ?,0
What are the symptoms of Priapism ?,0
Is C3 glomerulopathy inherited ?,0
How to diagnose Glycogen storage disease type 13 ?,0
How to prevent Diagnosis of Diabetes and Prediabetes ?,0
What causes Congenital contractural arachnodactyly ?,0
What are the symptoms of Heart Failure ?,0
What are the symptoms of Ehlers-Danlos syndrome with periventricular heterotopia ?,0
What are the treatments for Diamond-Blackfan anemia ?,0
What are the genetic changes related to LAMA2-related muscular dystrophy ?,0
What are the genetic changes related to familial pityriasis rubra pilaris ?,0
What is (are) Multiple System Atrophy ?,0
What are the treatments for Tylosis with esophageal cancer ?,0
How many people are affected by Klippel-Feil syndrome ?,0
What causes Weill-Marchesani syndrome ?,0
What is (are) Singleton Merten syndrome ?,0
Is Denys-Drash syndrome inherited ?,0
How to diagnose Parsonage Turner syndrome ?,0
Is myasthenia gravis inherited ?,0
Who is at risk for Mntriers Disease? ?,0
What are the treatments for rapid-onset dystonia parkinsonism ?,0
"What is (are) 17 alpha-hydroxylase/17,20-lyase deficiency ?",0
What are the genetic changes related to spinal and bulbar muscular atrophy ?,0
What are the symptoms of Cerebral autosomal recessive arteriopathy with subcortical infarcts and leukoencephalopathy ?,0
"What are the symptoms of Maturity-onset diabetes of the young, type 7 ?",0
What is (are) Arts syndrome ?,0
what research (or clinical trials) is being done for Schilder's Disease ?,0
What are the symptoms of Charcot-Marie-Tooth disease type 2D ?,0
What is (are) factor V deficiency ?,0
What is (are) Fibromuscular dysplasia ?,0
How many people are affected by tubular aggregate myopathy ?,0
How many people are affected by renal tubular dysgenesis ?,0
What is (are) Fanconi renotubular syndrome ?,0
What are the symptoms of Bilateral perisylvian polymicrogyria ?,0
What is (are) spastic paraplegia type 4 ?,0
What are the symptoms of Carnevale syndrome ?,0
What are the treatments for 18q deletion syndrome ?,0
"What are the treatments for Epidermolysis bullosa simplex, generalized ?",0
"What are the symptoms of Mitral valve prolapse, familial, X-linked ?",0
Is citrullinemia inherited ?,0
What is (are) Binswanger's disease ?,0
What is (are) Weill-Marchesani syndrome ?,0
What is (are) Pendred syndrome ?,0
What are the genetic changes related to autosomal dominant hypocalcemia ?,0
What are the treatments for Surviving Cancer ?,0
What are the genetic changes related to Weaver syndrome ?,0
Is McLeod neuroacanthocytosis syndrome inherited ?,0
What are the treatments for congenital fibrosis of the extraocular muscles ?,0
How to diagnose Ehlers-Danlos syndrome ?,0
What are the treatments for Mandibulofacial dysostosis with microcephaly ?,0
What is (are) Breast Cancer ?,0
What are the treatments for Shingles ?,0
How many people are affected by polymicrogyria ?,0
What are the treatments for Leigh syndrome ?,0
Do you have information about International Health,0
Is methylmalonic acidemia inherited ?,0
What are the genetic changes related to epidermolytic hyperkeratosis ?,0
What is (are) Friedreich's Ataxia ?,0
What are the treatments for Meningioma ?,0
How many people are affected by Beckwith-Wiedemann syndrome ?,0
What is (are) Veterans and Military Family Health ?,0
How to diagnose Neurofibromatosis type 1 ?,0
What is (are) Heart Failure ?,0
How many people are affected by Loeys-Dietz syndrome ?,0
What is (are) Cancer in Children ?,0
How to diagnose Nonalcoholic Steatohepatitis ?,0
What are the genetic changes related to age-related macular degeneration ?,0
What are the symptoms of Sideroblastic anemia ?,0
What is (are) rapid-onset dystonia parkinsonism ?,0
What is (are) nephrogenic diabetes insipidus ?,0
what research (or clinical trials) is being done for Neurological Consequences of Cytomegalovirus Infection ?,0
What is (are) What I need to know about Kidney Stones ?,0
How many people are affected by cystinosis ?,0
"Is 48,XXYY syndrome inherited ?",0
What are the treatments for hypochondrogenesis ?,0
What is (are) What I need to know about Hepatitis B ?,0
Do you have information about Medicines and Children,0
What is (are) Infectious Arthritis ?,0
What are the symptoms of Sturge-Weber syndrome ?,0
What is (are) Lowe syndrome ?,0
what research (or clinical trials) is being done for Breast Cancer ?,0
What is (are) CHILD syndrome ?,0
What is (are) Juvenile Myelomonocytic Leukemia ?,0
What are the treatments for Stargardt disease ?,0
What is (are) Cat Scratch Disease ?,0
How many people are affected by dermatofibrosarcoma protuberans ?,0
What are the genetic changes related to idiopathic inflammatory myopathy ?,0
What are the symptoms of Essential Thrombocythemia ?,0
Who is at risk for Parasites - Hookworm? ?,0
What are the treatments for Tarsal tunnel syndrome ?,0
What are the treatments for GM3 synthase deficiency ?,0
What are the symptoms of Partial agenesis of corpus callosum ?,0
What are the symptoms of Fanconi anemia ?,0
What are the stages of Uterine Sarcoma ?,0
How to diagnose Mulibrey Nanism ?,0
How to prevent Abdominal Adhesions ?,0
What is (are) Choroideremia ?,0
What is (are) Mandibulofacial dysostosis with microcephaly ?,0
What causes Balance Problems ?,0
What are the symptoms of Homocarnosinosis ?,0
what research (or clinical trials) is being done for Meningitis and Encephalitis ?,0
What is (are) spondyloenchondrodysplasia with immune dysregulation ?,0
What are the treatments for Nicolaides-Baraitser syndrome ?,0
What are the symptoms of Anencephaly ?,0
what research (or clinical trials) is being done for Sleep Apnea ?,0
What is (are) dilated cardiomyopathy with ataxia syndrome ?,0
What are the symptoms of Dopamine beta hydroxylase deficiency ?,0
What is (are) Osteoarthritis ?,0
What is (are) 5q14.3 microdeletion syndrome ?,0
What is (are) Cytomegalovirus Infections ?,0
What are the genetic changes related to chylomicron retention disease ?,0
What are the genetic changes related to Pitt-Hopkins syndrome ?,0
What are the symptoms of Peptidic growth factors deficiency ?,0
What are the symptoms of Intellectual deficit - short stature - hypertelorism ?,0
Is Kienbock's disease inherited ?,0
Is Larsen syndrome inherited ?,0
What is (are) gnathodiaphyseal dysplasia ?,0
What is (are) tetra-amelia syndrome ?,0
What are the symptoms of Reticuloendotheliosis ?,0
What is the outlook for Whipple's Disease ?,0
What are the symptoms of Best vitelliform macular dystrophy ?,0
How many people are affected by Pol III-related leukodystrophy ?,0
What are the symptoms of Atherosclerosis ?,0
What are the treatments for Amyloidosis AA ?,0
What is (are) tumor necrosis factor receptor-associated periodic syndrome ?,0
What are the symptoms of Hypertrophic neuropathy of Dejerine-Sottas ?,0
What is (are) Progressive bulbar palsy ?,0
What are the treatments for Idiopathic juxtafoveal retinal telangiectasia ?,0
What are the symptoms of Acatalasemia ?,0
What are the symptoms of Hyperinsulinemic hypoglycemia familial 3 ?,0
What is (are) Parkinson's Disease ?,0
How to diagnose Problems with Taste ?,0
What are the genetic changes related to alkaptonuria ?,0
What are the treatments for Cant syndrome ?,0
"What is (are) 47, XYY syndrome ?",0
What is (are) Warm antibody hemolytic anemia ?,0
What are the treatments for ADCY5-related dyskinesia ?,0
What is (are) autoimmune Addison disease ?,0
What are the genetic changes related to Camurati-Engelmann disease ?,0
How to prevent Parasites - Angiostrongyliasis (also known as Angiostrongylus Infection) ?,0
What are the symptoms of Anonychia congenita ?,0
What is (are) What I need to know about Kidney Failure and How Its Treated ?,0
What is (are) Gout ?,0
What is (are) High Blood Pressure ?,0
Do you have information about Occupational Health for Healthcare Providers,0
Is juvenile primary osteoporosis inherited ?,0
What are the genetic changes related to hereditary angioedema ?,0
Who is at risk for Primary Ciliary Dyskinesia? ?,0
What causes Biliary Atresia ?,0
What is (are) spinocerebellar ataxia type 3 ?,0
Is mucopolysaccharidosis type VI inherited ?,0
What are the genetic changes related to GM3 synthase deficiency ?,0
"How many people are affected by 47,XYY syndrome ?",0
What is (are) Microscopic Colitis: Collagenous Colitis and Lymphocytic Colitis ?,0
What causes Neonatal progeroid syndrome ?,0
How many people are affected by 22q11.2 deletion syndrome ?,0
What is (are) Parathyroid Cancer ?,0
What are the treatments for Coffin-Siris syndrome ?,0
What are the symptoms of Kallmann syndrome 3 ?,0
Is tetrasomy 18p inherited ?,0
What is (are) Anaplasmosis ?,0
Do you have information about Complementary and Integrative Medicine,0
What is (are) Brugada syndrome ?,0
What are the treatments for Ochoa syndrome ?,0
What is (are) Creating a Family Health History ?,0
What are the genetic changes related to Winchester syndrome ?,0
"What is (are) Usher syndrome, type 1E ?",0
What are the symptoms of Disseminated Intravascular Coagulation ?,0
What are the treatments for KBG syndrome ?,0
How to diagnose Wilms Tumor and Other Childhood Kidney Tumors ?,0
What is the outlook for Chronic Myelogenous Leukemia ?,0
What are the symptoms of MYH7-related scapuloperoneal myopathy ?,0
How many people are affected by 3-hydroxyacyl-CoA dehydrogenase deficiency ?,0
Is familial hyperaldosteronism inherited ?,0
What are the treatments for Behr syndrome ?,0
What are the treatments for Kleefstra syndrome ?,0
What are the treatments for Heart Attack ?,0
Is factor X deficiency inherited ?,0
How many people are affected by Carpenter syndrome ?,0
What are the symptoms of Nablus mask-like facial syndrome ?,0
What are the genetic changes related to infantile neuroaxonal dystrophy ?,0
What are the treatments for Lung Cancer ?,0
What is (are) Polycystic kidney disease ?,0
What is (are) ocular albinism ?,0
What are the treatments for Childhood Hodgkin Lymphoma ?,0
What is (are) Microcephalic osteodysplastic primordial dwarfism type 1 ?,0
"What are the genetic changes related to 47,XYY syndrome ?",0
What are the treatments for Psoriasis ?,0
"What are the symptoms of Chondrodysplasia, Grebe type ?",0
What is (are) Perrault syndrome ?,0
What are the symptoms of Kuster Majewski Hammerstein syndrome ?,0
How many people are affected by Stickler syndrome ?,0
Is Pyruvate dehydrogenase deficiency inherited ?,0
What are the symptoms of Tetralogy of Fallot ?,0
What is (are) craniofacial-deafness-hand syndrome ?,0
What are the symptoms of Klinefelter syndrome ?,0
What are the treatments for Spinal Cord Injury ?,0
What are the treatments for Sotos syndrome ?,0
What are the treatments for Postural Tachycardia Syndrome ?,0
What are the symptoms of Adenocarcinoma of the appendix ?,0
What are the symptoms of Spinocerebellar ataxia autosomal recessive 3 ?,0
What is the outlook for Childhood Central Nervous System Atypical Teratoid/Rhabdoid Tumor ?,0
How to diagnose Parasites - Babesiosis ?,0
What is (are) Medicare and Continuing Care ?,0
What are the symptoms of Fibrous dysplasia ?,0
What are the symptoms of Hemochromatosis type 1 ?,0
What are the symptoms of Amyloidosis and Kidney Disease ?,0
What are the symptoms of Konigsmark Knox Hussels syndrome ?,0
What is (are) E. Coli Infections ?,0
what research (or clinical trials) is being done for Lennox-Gastaut Syndrome ?,0
What is (are) Periventricular Leukomalacia ?,0
"What are the symptoms of Thumb deformity, alopecia, pigmentation anomaly ?",0
What is (are) Waardenburg syndrome ?,0
How many people are affected by spondyloenchondrodysplasia with immune dysregulation ?,0
Is retinoblastoma inherited ?,0
What is (are) Hajdu-Cheney syndrome ?,0
What is (are) Krabbe disease ?,0
What are the genetic changes related to Barth syndrome ?,0
What are the treatments for Sudden Cardiac Arrest ?,0
How to diagnose Parasites - Cysticercosis ?,0
What is (are) Neuromyelitis Optica ?,0
What are the symptoms of Paris-Trousseau thrombocytopenia ?,0
Is pyridoxine-dependent epilepsy inherited ?,0
What is (are) Encephalitis ?,0
What is (are) intrahepatic cholestasis of pregnancy ?,0
What is (are) Weaver syndrome ?,0
What are the symptoms of Mixed connective tissue disease ?,0
What is (are) Smoking ?,0
What is (are) Vasculitis ?,0
What are the treatments for Graves' Disease ?,0
What are the treatments for nephronophthisis ?,0
What is (are) Collagenous colitis ?,0
What are the symptoms of Hydrocephalus obesity hypogonadism ?,0
What is (are) Hyperkalemic periodic paralysis ?,0
What causes Nephrotic Syndrome in Adults ?,0
What are the genetic changes related to spastic paraplegia type 7 ?,0
What are the treatments for Birt-Hogg-Dub syndrome ?,0
What are the symptoms of Holt-Oram syndrome ?,0
What are the symptoms of Endocarditis ?,0
What is (are) L-arginine:glycine amidinotransferase deficiency ?,0
What are the treatments for Fumarase deficiency ?,0
What is (are) Skin Cancer ?,0
Is infantile neuroaxonal dystrophy inherited ?,0
What are the genetic changes related to Manitoba oculotrichoanal syndrome ?,0
What are the symptoms of Renal tubular acidosis with deafness ?,0
What are the genetic changes related to Waldenstrm macroglobulinemia ?,0
How to diagnose Thoracic outlet syndrome ?,0
What is (are) infantile-onset ascending hereditary spastic paralysis ?,0
what research (or clinical trials) is being done for Gallbladder Cancer ?,0
What are the treatments for Sjgren's Syndrome ?,0
How to diagnose Anxiety Disorders ?,0
What are the symptoms of Jones syndrome ?,0
What is (are) Pancreatitis ?,0
What is (are) Aicardi syndrome ?,0
What are the treatments for dilated cardiomyopathy with ataxia syndrome ?,0
What are the symptoms of Quinquaud's decalvans folliculitis ?,0
What are the symptoms of Hartnup disease ?,0
"What is (are) Ehlers-Danlos syndrome, dermatosparaxis type ?",0
What are the treatments for Langer mesomelic dysplasia ?,0
What is (are) Mollaret meningitis ?,0
What is the outlook for Testicular Cancer ?,0
What are the symptoms of Hyperlipoproteinemia type 5 ?,0
"Is Ehlers-Danlos syndrome, vascular type inherited ?",0
How many people are affected by isolated Pierre Robin sequence ?,0
What are the treatments for Abetalipoproteinemia ?,0
What is (are) Beare-Stevenson cutis gyrata syndrome ?,0
What are the symptoms of Beardwell syndrome ?,0
What causes Dry Eye ?,0
How to diagnose Endocarditis ?,0
What are the symptoms of Porencephaly ?,0
What are the symptoms of C syndrome ?,0
Is infantile-onset ascending hereditary spastic paralysis inherited ?,0
What causes What I need to know about Erectile Dysfunction ?,0
How to diagnose Rheumatic Fever ?,0
What are the treatments for 3MC syndrome ?,0
"Is spondyloepimetaphyseal dysplasia, Strudwick type inherited ?",0
Is Geniospasm inherited ?,0
Is Duchenne muscular dystrophy inherited ?,0
What are the genetic changes related to collagen VI-related myopathy ?,0
Do you have information about Bone Density,0
what research (or clinical trials) is being done for Retinoblastoma ?,0
What are the treatments for long-chain 3-hydroxyacyl-CoA dehydrogenase deficiency ?,0
What are the genetic changes related to benign essential blepharospasm ?,0
What are the treatments for Von Hippel-Lindau disease ?,0
What are the symptoms of Hematuria (Blood in the Urine) ?,0
Do you have information about Water Pollution,0
What are the genetic changes related to Alzheimer disease ?,0
What is (are) Scabies ?,0
How many people are affected by Bardet-Biedl syndrome ?,0
Is 2q37 deletion syndrome inherited ?,0
Is hereditary folate malabsorption inherited ?,0
"What are the symptoms of Deafness, autosomal dominant nonsyndromic sensorineural 23 ?",0
What are the treatments for Epidermolysis bullosa acquisita ?,0
What causes Kidney Dysplasia ?,0
What are the symptoms of Chang Davidson Carlson syndrome ?,0
What are the treatments for Neuroacanthocytosis ?,0
What are the stages of Nasopharyngeal Cancer ?,0
What are the genetic changes related to mitochondrial complex III deficiency ?,0
What are the treatments for Surviving Cancer ?,0
How many people are affected by succinyl-CoA:3-ketoacid CoA transferase deficiency ?,0
What are the treatments for Dominant optic atrophy ?,0
What are the treatments for Cerulean cataract ?,0
What are the treatments for Kleine-Levin Syndrome ?,0
What is (are) Meningitis and Encephalitis ?,0
How to diagnose Osteosarcoma and Malignant Fibrous Histiocytoma of Bone ?,0
What are the symptoms of Roberts syndrome ?,0
How many people are affected by CHARGE syndrome ?,0
What are the treatments for Alzheimer's Disease ?,0
What is (are) Chlamydia Infections ?,0
Is Cutaneous mastocytosis inherited ?,0
What is (are) Doyne honeycomb retinal dystrophy ?,0
What are the genetic changes related to Stickler syndrome ?,0
What is (are) Cholesteatoma ?,0
What is (are) Behr syndrome ?,0
What is (are) familial erythrocytosis ?,0
"What is (are) Erythema nodosum, idiopathic ?",0
What are the treatments for Familial hemiplegic migraine type 1 ?,0
Is cyclic neutropenia inherited ?,0
How many people are affected by Leydig cell hypoplasia ?,0
What are the symptoms of Fitzsimmons-Guilbert syndrome ?,0
What are the symptoms of Multiple self healing squamous epithelioma ?,0
What are the genetic changes related to Donohue syndrome ?,0
Is familial male-limited precocious puberty inherited ?,0
How many people are affected by autosomal dominant hyper-IgE syndrome ?,0
What is (are) polycythemia vera ?,0
How to diagnose Barrett esophagus ?,0
What is (are) High Blood Cholesterol ?,0
How to diagnose Dwarfism ?,0
What are the treatments for 15q13.3 microdeletion ?,0
What are the genetic changes related to Smith-Magenis syndrome ?,0
What is (are) congenital fibrosis of the extraocular muscles ?,0
Do you have information about Blood Thinners,0
What are the treatments for mal de Meleda ?,0
What are the symptoms of Juvenile myelomonocytic leukemia ?,0
What are the symptoms of Landau-Kleffner syndrome ?,0
What is (are) COPD ?,0
What is the outlook for Bell's Palsy ?,0
Is renal tubular dysgenesis inherited ?,0
Is adult polyglucosan body disease inherited ?,0
What is (are) Guillain-Barr syndrome ?,0
What are the symptoms of Multiple epiphyseal dysplasia 4 ?,0
What is (are) Cavernous Malformation ?,0
What are the symptoms of Buschke Ollendorff syndrome ?,0
What are the treatments for sporadic hemiplegic migraine ?,0
What are the symptoms of Cold agglutinin disease ?,0
What causes Floating-Harbor syndrome ?,0
What are the treatments for myostatin-related muscle hypertrophy ?,0
What is (are) Tick Bites ?,0
Who is at risk for Gestational Trophoblastic Disease? ?,0
"What are the symptoms of Syndromic microphthalmia, type 3 ?",0
"What are the symptoms of Porokeratosis, disseminated superficial actinic 2 ?",0
What are the symptoms of Hereditary diffuse leukoencephalopathy with spheroids ?,0
What is (are) spondyloepiphyseal dysplasia congenita ?,0
What are the symptoms of Legius syndrome ?,0
What are the symptoms of Biotinidase deficiency ?,0
What are the symptoms of Deafness-infertility syndrome ?,0
Is Renal nutcracker syndrome inherited ?,0
How to diagnose Multiple endocrine neoplasia type 1 ?,0
Is Postural orthostatic tachycardia syndrome inherited ?,0
What is (are) junctional epidermolysis bullosa ?,0
What are the treatments for Bronchopulmonary Dysplasia ?,0
What is (are) CREST syndrome ?,0
How to diagnose Parasites - Lice - Head Lice ?,0
Who is at risk for Carotid Artery Disease? ?,0
What are the genetic changes related to polymicrogyria ?,0
What is (are) Polycystic Kidney Disease ?,0
What is (are) Neurological Consequences of Cytomegalovirus Infection ?,0
What are the symptoms of Small patella syndrome ?,0
How many people are affected by Brody myopathy ?,0
What are the symptoms of Andermann syndrome ?,0
What are the treatments for Wandering spleen ?,0
What is (are) Kaposi sarcoma ?,0
What to do for Hypothyroidism ?,0
What are the genetic changes related to familial acute myeloid leukemia with mutated CEBPA ?,0
Is Kawasaki syndrome inherited ?,0
What are the treatments for Menkes Disease ?,0
How to diagnose Pulmonary Embolism ?,0
What are the symptoms of Martsolf syndrome ?,0
What are the treatments for Cushing's Syndrome ?,0
What is (are) Hyperprolinemia type 2 ?,0
What are the treatments for Machado-Joseph Disease ?,0
"What are the genetic changes related to distal hereditary motor neuropathy, type II ?",0
What are the treatments for Stenotrophomonas maltophilia infection ?,0
"What are the treatments for T-cell immunodeficiency, congenital alopecia, and nail dystrophy ?",0
What are the treatments for What I need to know about Crohn's Disease ?,0
What is (are) primary macronodular adrenal hyperplasia ?,0
what research (or clinical trials) is being done for Langerhans Cell Histiocytosis ?,0
Do you have information about Cancer--Living with Cancer,0
What are the treatments for retroperitoneal fibrosis ?,0
What causes Diabetic Retinopathy ?,0
What to do for What I need to know about Hepatitis A ?,0
How to diagnose Overview of Kidney Disease in Children ?,0
What is (are) Anemia in Chronic Kidney Disease ?,0
How to diagnose Glucose transporter type 1 deficiency syndrome ?,0
What are the symptoms of Wittwer syndrome ?,0
What is (are) Nutrition for Early Chronic Kidney Disease in Adults ?,0
What are the treatments for catecholaminergic polymorphic ventricular tachycardia ?,0
What are the symptoms of Jansen type metaphyseal chondrodysplasia ?,0
What are the symptoms of Corneal dystrophy and perceptive deafness ?,0
What are the symptoms of Lipidosis with triglycerid storage disease ?,0
What are the symptoms of Marshall syndrome ?,0
What is the outlook for Muscular Dystrophy ?,0
What are the symptoms of Sneddon syndrome ?,0
What is (are) Neuroblastoma ?,0
What is (are) Hemorrhagic Fevers ?,0
What are the treatments for Majeed syndrome ?,0
What are the treatments for Moyamoya disease ?,0
How many people are affected by juvenile Paget disease ?,0
What are the treatments for Gallstones ?,0
What is (are) Crohn disease ?,0
How to diagnose Polymyositis ?,0
What are the symptoms of Craniofacial dyssynostosis ?,0
What is (are) Hypothyroidism ?,0
What to do for Hematuria (Blood in the Urine) ?,0
What are the treatments for Progressive hemifacial atrophy ?,0
What are the treatments for Herpes zoster oticus ?,0
What are the symptoms of Hendra Virus Disease (HeV) ?,0
How many people are affected by multiple lentigines syndrome ?,0
Is Marinesco-Sjgren syndrome inherited ?,0
What causes X-linked hypophosphatemia ?,0
How many people are affected by narcolepsy ?,0
What are the symptoms of Autoimmune autonomic ganglionopathy ?,0
What is the outlook for Alpers' Disease ?,0
What are the symptoms of Lupus Nephritis ?,0
What are the treatments for Wilson disease ?,0
What is (are) Apert syndrome ?,0
What are the treatments for Mntriers Disease ?,0
Is cytogenetically normal acute myeloid leukemia inherited ?,0
How many people are affected by RAPADILINO syndrome ?,0
Is RAPADILINO syndrome inherited ?,0
Is surfactant dysfunction inherited ?,0
What is (are) granulomatosis with polyangiitis ?,0
What are the genetic changes related to hyperparathyroidism-jaw tumor syndrome ?,0
Is transthyretin amyloidosis inherited ?,0
What is (are) Cushing disease ?,0
What are the treatments for nonsyndromic holoprosencephaly ?,0
How to diagnose Childhood Hodgkin Lymphoma ?,0
Is hereditary xanthinuria inherited ?,0
What are the symptoms of Keratolytic winter erythema ?,0
Do you have information about Fetal Health and Development,0
What are the treatments for SCOT deficiency ?,0
Is actin-accumulation myopathy inherited ?,0
What to do for Anemia in Chronic Kidney Disease ?,0
What is (are) Congenital laryngeal palsy ?,0
How to diagnose Loin pain hematuria syndrome ?,0
What is (are) Prescription and Illicit Drug Abuse ?,0
What are the symptoms of Dwarfism Levi type ?,0
What are the treatments for Intraocular (Uveal) Melanoma ?,0
What is the outlook for Sandhoff Disease ?,0
What is (are) Normal Pressure Hydrocephalus ?,0
What are the symptoms of Farber's disease ?,0
What are the symptoms of BRCA1 hereditary breast and ovarian cancer syndrome ?,0
What are the treatments for Schindler disease ?,0
What are the symptoms of Leber congenital amaurosis 15 ?,0
What is (are) Gum (Periodontal) Disease ?,0
How to diagnose Gum (Periodontal) Disease ?,0
What causes Sarcoidosis ?,0
What is (are) Chromosome 6p deletion ?,0
What are the treatments for Dentinogenesis imperfecta ?,0
What is (are) Charcot-Marie-Tooth disease ?,0
What to do for Prostate Enlargement: Benign Prostatic Hyperplasia ?,0
How to diagnose Lip and Oral Cavity Cancer ?,0
what research (or clinical trials) is being done for Creutzfeldt-Jakob Disease ?,0
How to diagnose Cowden syndrome ?,0
What to do for Hemolytic Uremic Syndrome in Children ?,0
Is otospondylomegaepiphyseal dysplasia inherited ?,0
How to prevent Inguinal Hernia ?,0
How to diagnose Apert syndrome ?,0
What is (are) Pancreatic Diseases ?,0
What is (are) Noonan-like syndrome with loose anagen hair ?,0
What to do for What I need to know about Kidney Failure and How Its Treated ?,0
How many people are affected by palmoplantar keratoderma with deafness ?,0
Is MECP2 duplication syndrome inherited ?,0
what research (or clinical trials) is being done for Colon Cancer ?,0
Who is at risk for Endometrial Cancer? ?,0
How to diagnose Renal oncocytoma ?,0
Is Emery-Dreifuss muscular dystrophy inherited ?,0
Who is at risk for Colorectal Cancer? ?,0
What are the treatments for Childhood Central Nervous System Atypical Teratoid/Rhabdoid Tumor ?,0
What is (are) Aquagenic pruritus ?,0
Who is at risk for Heart Attack? ?,0
Who is at risk for Endocarditis? ?,0
What are the treatments for ring chromosome 14 syndrome ?,0
What is (are) COPD ?,0
What is (are) Melanoma ?,0
What is (are) Developmental dysphasia familial ?,0
What are the genetic changes related to familial dysautonomia ?,0
What are the symptoms of Multiple system atrophy ?,0
How to diagnose Tracheobronchopathia osteoplastica ?,0
What is (are) Hematuria (Blood in the Urine) ?,0
What are the symptoms of Osteogenesis imperfecta type VI ?,0
Is REN-related kidney disease inherited ?,0
What is (are) long-chain 3-hydroxyacyl-CoA dehydrogenase deficiency ?,0
What is (are) Nodular nonsuppurative panniculitis ?,0
What are the symptoms of Glaucoma sleep apnea ?,0
Is Mondini dysplasia inherited ?,0
Is Troyer syndrome inherited ?,0
How many people are affected by isodicentric chromosome 15 syndrome ?,0
What causes Proctitis ?,0
What are the complications of Primary Sclerosing Cholangitis ?,0
What are the symptoms of Ehrlichiosis ?,0
What are the treatments for Wagner syndrome ?,0
What is the outlook for Angelman Syndrome ?,0
What are the symptoms of Indigestion ?,0
What is (are) Rashes ?,0
What are the genetic changes related to Northern epilepsy ?,0
What are the treatments for Cerebral Aneurysms ?,0
What are the treatments for Tourette syndrome ?,0
What is the outlook for Alexander Disease ?,0
What are the treatments for Mosaic trisomy 14 ?,0
What are the treatments for Singleton Merten syndrome ?,0
What are the treatments for Fibromuscular Dysplasia ?,0
what research (or clinical trials) is being done for Testicular Cancer ?,0
Is familial hemophagocytic lymphohistiocytosis inherited ?,0
How many people are affected by Kearns-Sayre syndrome ?,0
How to prevent Alzheimer's Disease ?,0
Who is at risk for Breast Cancer? ?,0
What are the symptoms of Ectodermal dysplasia mental retardation syndactyly ?,0
What is (are) dystrophic epidermolysis bullosa ?,0
What is (are) spinocerebellar ataxia type 36 ?,0
How to prevent Stroke ?,0
Who is at risk for Gout? ?,0
What are the genetic changes related to KBG syndrome ?,1
Is Robinow syndrome inherited ?,1
What is (are) Arginase deficiency ?,1
how can botulism be prevented?,1
What are the symptoms of Keratosis palmoplantaris striata 1 ?,1
What are the symptoms of Klatskin tumor ?,1
What is (are) task-specific focal dystonia ?,1
How to diagnose Hendra Virus Disease (HeV) ?,1
What are the genetic changes related to combined pituitary hormone deficiency ?,1
"What is (are) mitochondrial encephalomyopathy, lactic acidosis, and stroke-like episodes ?",1
What are the symptoms of Amaurosis congenita cone-rod type with congenital hypertrichosis ?,1
What are the stages of Plasma Cell Neoplasms (Including Multiple Myeloma) ?,1
How to diagnose MECP2 duplication syndrome ?,1
What is (are) Christianson syndrome ?,1
How many people are affected by Simpson-Golabi-Behmel syndrome ?,1
What are the genetic changes related to Coffin-Lowry syndrome ?,1
what research (or clinical trials) is being done for Central Pain Syndrome ?,1
"What are the symptoms of Bile acid synthesis defect, congenital, 4 ?",1
What is (are) Juvenile Huntington disease ?,1
What is (are) pyruvate kinase deficiency ?,1
What are the treatments for Pseudoangiomatous stromal hyperplasia ?,1
What are the treatments for Fibrous dysplasia ?,1
What is (are) Porphyria ?,1
Is central core disease inherited ?,1
What are the treatments for beta-mannosidosis ?,1
What to do for Renal Artery Stenosis ?,1
what research (or clinical trials) is being done for Piriformis Syndrome ?,1
What is the outlook for Paroxysmal Hemicrania ?,1
what research (or clinical trials) is being done for Cerebral Arteriosclerosis ?,1
What causes Tay-Sachs disease ?,1
Do you have information about Plastic and Cosmetic Surgery,1
What are the treatments for Microscopic polyangiitis ?,1
How many people are affected by spinal and bulbar muscular atrophy ?,1
Is type A insulin resistance syndrome inherited ?,1
what research (or clinical trials) is being done for Sturge-Weber Syndrome ?,1
What are the treatments for Kufs disease ?,1
What are the symptoms of Cohen syndrome ?,1
What are the symptoms of Pyknoachondrogenesis ?,1
What are the treatments for Smith-Magenis syndrome ?,1
Who is at risk for Vasculitis? ?,1
Is chronic atrial and intestinal dysrhythmia inherited ?,1
What is (are) Amyloidosis and Kidney Disease ?,1
What is (are) Heart Failure ?,1
What is (are) Congenital pulmonary alveolar proteinosis ?,1
What is (are) Bile Duct Diseases ?,1
How to diagnose Pericarditis ?,1
What to do for Alzheimer's Caregiving ?,1
What are the treatments for Waardenburg syndrome ?,1
Is tumor necrosis factor receptor-associated periodic syndrome inherited ?,1
What is (are) Motor Neuron Diseases ?,1
What is (are) Mucoepidermoid carcinoma ?,1
How many people are affected by congenital insensitivity to pain ?,1
What are the treatments for Parasites - Fascioliasis (Fasciola Infection) ?,1
What are the stages of Gastrointestinal Carcinoid Tumors ?,1
How many people are affected by antiphospholipid syndrome ?,1
What is (are) Deep Brain Stimulation for Parkinson's Disease ?,1
Who is at risk for Hematuria (Blood in the Urine)? ?,1
What are the symptoms of Spinocerebellar ataxia 3 ?,1
Is recurrent hydatidiform mole inherited ?,1
How many people are affected by Schwartz-Jampel syndrome ?,1
How to diagnose Juvenile Huntington disease ?,1
Is von Hippel-Lindau syndrome inherited ?,1
What are the genetic changes related to Bloom syndrome ?,1
What is (are) Intestinal pseudo-obstruction ?,1
What are the treatments for isobutyryl-CoA dehydrogenase deficiency ?,1
How many people are affected by Donnai-Barrow syndrome ?,1
What are the symptoms of Neuhauser Daly Magnelli syndrome ?,1
What are the genetic changes related to giant congenital melanocytic nevus ?,1
What to do for Primary Hyperparathyroidism ?,1
How many people are affected by Crouzonodermoskeletal syndrome ?,1
What are the genetic changes related to systemic lupus erythematosus ?,1
"What are the symptoms of Craniosynostosis, anal anomalies, and porokeratosis ?",1
What is (are) Aortic Aneurysm ?,1
what research (or clinical trials) is being done for Dysgraphia ?,1
What is the outlook for Pervasive Developmental Disorders ?,1
What is (are) Sturge-Weber Syndrome ?,1
How to diagnose Congenital sucrase-isomaltase deficiency ?,1
What is (are) Spine Injuries and Disorders ?,1
What is (are) Myotonia congenita autosomal dominant ?,1
what research (or clinical trials) is being done for Mucopolysaccharidoses ?,1
"What are the symptoms of Cardiac valvular dysplasia, X-linked ?",1
Who is at risk for Diverticular Disease? ?,1
What are the symptoms of Borjeson-Forssman-Lehmann syndrome ?,1
Do you have information about Vitamin D,1
What are the treatments for CAV3-related distal myopathy ?,1
What are the treatments for task-specific focal dystonia ?,1
Is protein S deficiency inherited ?,1
How many people are affected by Peyronie's Disease ?,1
Is myoclonus-dystonia inherited ?,1
What is the outlook for Chronic Inflammatory Demyelinating Polyneuropathy (CIDP) ?,1
What are the treatments for complete LCAT deficiency ?,1
What are the treatments for autosomal recessive congenital stationary night blindness ?,1
What are the genetic changes related to juvenile myoclonic epilepsy ?,1
What is (are) Cervical Cancer ?,1
What is (are) Neurogenic diabetes insipidus ?,1
What is (are) Women's Health Checkup ?,1
What is (are) familial porencephaly ?,1
What are the treatments for What I need to know about Living with Kidney Failure ?,1
What are the genetic changes related to Shprintzen-Goldberg syndrome ?,1
What are the symptoms of Spondyloepimetaphyseal dysplasia Shohat type ?,1
What are the symptoms of Peripheral Arterial Disease (P.A.D.) ?,1
Is Cerebellar degeneration inherited ?,1
What are the treatments for Hemophagocytic lymphohistiocytosis ?,1
What are the symptoms of Hawkinsinuria ?,1
What are the symptoms of Charcot-Marie-Tooth disease type 1A ?,1
What are the symptoms of Spondyloepimetaphyseal dysplasia x-linked with mental deterioration ?,1
What is the outlook for Ovarian Low Malignant Potential Tumors ?,1
What causes Psoriasis ?,1
Is progressive pseudorheumatoid dysplasia inherited ?,1
Is epidermolysis bullosa with pyloric atresia inherited ?,1
What is (are) Fournier gangrene ?,1
What is (are) glycogen storage disease type 0 ?,1
How many people are affected by combined pituitary hormone deficiency ?,1
What are the symptoms of Cataract ?,1
What are the symptoms of Carnitine-acylcarnitine translocase deficiency ?,1
"What causes Periodic fever, aphthous stomatitis, pharyngitis and adenitis ?",1
How to diagnose Anemia of Inflammation and Chronic Disease ?,1
What is (are) Pseudoxanthoma elasticum ?,1
What is (are) Dry Eye ?,1
What is (are) familial restrictive cardiomyopathy ?,1
Is Bartter syndrome inherited ?,1
What are the treatments for Axenfeld-Rieger syndrome type 1 ?,1
"What is (are) Diabetes, Heart Disease, and Stroke ?",1
What are the symptoms of Varicose Veins ?,1
Do you have information about Health Statistics,1
Is PPM-X syndrome inherited ?,1
What is (are) Dentinogenesis imperfecta ?,1
What are the treatments for Paresthesia ?,1
What are the symptoms of Situs inversus ?,1
What are the genetic changes related to Sandhoff disease ?,1
"What are the symptoms of Larynx, congenital partial atresia of ?",1
How many people are affected by branchiootorenal/branchiootic syndrome ?,1
What are the symptoms of X-linked Charcot-Marie-Tooth disease type 1 ?,1
How many people are affected by progressive external ophthalmoplegia ?,1
What is (are) X-linked dystonia-parkinsonism ?,1
What is (are) Dehydration ?,1
What is (are) autosomal recessive hyper-IgE syndrome ?,1
What is (are) Tyrosinemia type 1 ?,1
What are the treatments for mucolipidosis III gamma ?,1
What is (are)  ?,1
Is autosomal recessive congenital methemoglobinemia inherited ?,1
What are the symptoms of Age-related Macular Degeneration ?,1
What are the genetic changes related to beta-mannosidosis ?,1
What are the symptoms of Yellow nail syndrome ?,1
What are the treatments for Adiposis dolorosa ?,1
What is (are) Intraocular (Uveal) Melanoma ?,1
What are the symptoms of Kidney Disease ?,1
What are the symptoms of Pyoderma gangrenosum ?,1
What are the symptoms of Depression ?,1
Is Mitochondrial genetic disorders inherited ?,1
What is (are) ornithine transcarbamylase deficiency ?,1
Is Alport syndrome inherited ?,1
How many people are affected by diastrophic dysplasia ?,1
What is (are) Nutrition for Early Chronic Kidney Disease in Adults ?,1
What are the treatments for uromodulin-associated kidney disease ?,1
Is carnitine palmitoyltransferase II deficiency inherited ?,1
Is Hennekam syndrome inherited ?,1
"What are the symptoms of Acrocallosal syndrome, Schinzel type ?",1
What is (are) SOX2 anophthalmia syndrome ?,1
What are the symptoms of Autosomal dominant intermediate Charcot-Marie-Tooth disease type C ?,1
What is (are) polycystic lipomembranous osteodysplasia with sclerosing leukoencephalopathy ?,1
What is (are) Hay Fever ?,1
"What are the genetic changes related to mitochondrial encephalomyopathy, lactic acidosis, and stroke-like episodes ?",1
What is (are) Bannayan-Riley-Ruvalcaba syndrome ?,1
What are the treatments for fibronectin glomerulopathy ?,1
What causes Rheumatoid Arthritis ?,1
What are the treatments for Syringoma ?,1
What are the symptoms of Gallbladder Cancer ?,1
How many people are affected by warfarin resistance ?,1
what research (or clinical trials) is being done for Inclusion Body Myositis ?,1
What is (are) Idiopathic acute eosinophilic pneumonia ?,1
Who is at risk for National Hormone and Pituitary Program (NHPP): Information for People Treated with Pituitary Human Growth Hormone (Comprehensive Report)? ?,1
What are the genetic changes related to myotonia congenita ?,1
What is (are) Chest Pain ?,1
Who is at risk for Parasites - Enterobiasis (also known as Pinworm Infection)? ?,1
What causes Celiac artery compression syndrome ?,1
What are the genetic changes related to congenital myasthenic syndrome ?,1
What are the treatments for Progressive multifocal leukoencephalopathy ?,1
What are the symptoms of Pulmonary edema of mountaineers ?,1
What is (are) Behcet's Disease ?,1
What is the outlook for Menkes Disease ?,1
How many people are affected by dystonia 6 ?,1
What is (are) Hives ?,1
How many people are affected by GRACILE syndrome ?,1
What is (are) Colon Cancer ?,1
What is (are) hepatic lipase deficiency ?,1
What is (are) Am I at Risk for Type 2 Diabetes? Taking Steps to Lower Your Risk of Getting Diabetes ?,1
What are the treatments for inclusion body myopathy 2 ?,1
What is (are) Abetalipoproteinemia ?,1
What is (are) Primary spontaneous pneumothorax ?,1
What are the treatments for High Blood Pressure ?,1
What is (are) Chromosome 1q41-q42 deletion syndrome ?,1
What is (are) ankylosing spondylitis ?,1
What is (are) renal coloboma syndrome ?,1
What is (are) Opsismodysplasia ?,1
What is (are) Fetal and neonatal alloimmune thrombocytopenia ?,1
What are the genetic changes related to peroxisomal acyl-CoA oxidase deficiency ?,1
What are the treatments for Horner syndrome ?,1
How to diagnose Lipodermatosclerosis ?,1
What is (are) Cerebellar degeneration ?,1
What are the treatments for Moyamoya Disease ?,1
What are the genetic changes related to Miller syndrome ?,1
What are the treatments for Farber's Disease ?,1
What are the symptoms of Histidinemia ?,1
What are the symptoms of Thanatophoric dysplasia ?,1
What are the symptoms of Haim-Munk syndrome ?,1
What are the symptoms of Hirschsprung disease type d brachydactyly ?,1
What are the symptoms of 18 Hydroxylase deficiency ?,1
What is (are) Porphyria ?,1
What are the treatments for autosomal dominant nocturnal frontal lobe epilepsy ?,1
What are the genetic changes related to Apert syndrome ?,1
Is Partington syndrome inherited ?,1
What is (are) Moebius syndrome ?,1
What are the symptoms of Krabbe disease atypical due to Saposin A deficiency ?,1
What are the genetic changes related to Gilbert syndrome ?,1
What is (are) Aplastic Anemia ?,1
What are the symptoms of Heart Attack ?,1
Is Denys-Drash syndrome inherited ?,1
How many people are affected by spinocerebellar ataxia type 3 ?,1
"Is congenital deafness with labyrinthine aplasia, microtia, and microdontia inherited ?",1
Is Tay-Sachs disease inherited ?,1
Who is at risk for Parasites - Cyclosporiasis (Cyclospora Infection)? ?,1
How to diagnose Gardner-Diamond syndrome ?,1
How to diagnose Best vitelliform macular dystrophy ?,1
What are the treatments for spondyloperipheral dysplasia ?,1
What is the outlook for Pseudotumor Cerebri ?,1
What are the genetic changes related to transthyretin amyloidosis ?,1
What are the genetic changes related to familial lipoprotein lipase deficiency ?,1
Is hereditary hypophosphatemic rickets inherited ?,1
What is (are) GLUT1 deficiency syndrome ?,1
What are the symptoms of Congenital hypothyroidism ?,1
What is (are) Androgen insensitivity syndrome ?,1
What are the symptoms of Heart Attack ?,1
What are the symptoms of Hermansky Pudlak syndrome 2 ?,1
What are the symptoms of Laryngeal Cancer ?,1
What are the treatments for Acute intermittent porphyria ?,1
What are the treatments for Microcephaly ?,1
What are the treatments for Multiple System Atrophy with Orthostatic Hypotension ?,1
What are the treatments for Dermatomyositis ?,1
How many people are affected by frontonasal dysplasia ?,1
What are the treatments for Brody myopathy ?,1
What are the genetic changes related to chronic granulomatous disease ?,1
What is (are) Rett syndrome ?,1
What is (are) Batten Disease ?,1
What is (are) Diabetes Insipidus ?,1
What is (are) Restless Legs Syndrome ?,1
What is (are) Pantothenate kinase-associated neurodegeneration ?,1
How to diagnose Prostate Cancer ?,1
What is (are) Childhood Liver Cancer ?,1
What causes Causes of Diabetes ?,1
How to diagnose Your Diabetes Care Records ?,1
What are the genetic changes related to isolated lissencephaly sequence ?,1
What causes Congenital adrenal hyperplasia ?,1
What is (are) Oxygen Therapy ?,1
What is (are) craniometaphyseal dysplasia ?,1
What are the genetic changes related to familial adenomatous polyposis ?,1
How many people are affected by Robinow syndrome ?,1
What are the symptoms of Hepatitis B: What Asian and Pacific Islander Americans Need to Know ?,1
What are the symptoms of Hunter Rudd Hoffmann syndrome ?,1
What are the treatments for Urine Blockage in Newborns ?,1
What is (are) Froelich syndrome ?,1
What is (are) Brody myopathy ?,1
What is (are) Interstitial cystitis ?,1
What are the symptoms of Chitayat Meunier Hodgkinson syndrome ?,1
How many people are affected by Rabson-Mendenhall syndrome ?,1
What is (are) 3-M syndrome ?,1
Is Essential tremor inherited ?,1
What are the stages of Breast Cancer ?,1
What are the treatments for polycystic kidney disease ?,1
What causes Cleidocranial dysplasia ?,1
What to do for Urinary Tract Infections in Children ?,1
What causes MYH7-related scapuloperoneal myopathy ?,1
How many people are affected by Menkes syndrome ?,1
What is (are) Glutaric acidemia type II ?,1
What are the symptoms of Osteopetrosis autosomal dominant type 1 ?,1
What are the genetic changes related to head and neck squamous cell carcinoma ?,1
What are the genetic changes related to guanidinoacetate methyltransferase deficiency ?,1
What are the symptoms of Bare lymphocyte syndrome ?,1
What are the symptoms of Medium-chain acyl-coenzyme A dehydrogenase deficiency ?,1
What are the symptoms of Fuhrmann syndrome ?,1
What are the treatments for Hypohidrotic ectodermal dysplasia ?,1
What are the treatments for moyamoya disease ?,1
What are the treatments for Diarrhea ?,1
What is (are) Respiratory Distress Syndrome ?,1
What are the treatments for glycogen storage disease type III ?,1
"Is Craniometaphyseal dysplasia, autosomal dominant inherited ?",1
What causes Triple A syndrome ?,1
What is (are) Selective IgM deficiency ?,1
What is (are) Graves' disease ?,1
what research (or clinical trials) is being done for Spinal Cord Infarction ?,1
What are the treatments for Mosaic trisomy 9 ?,1
What is (are) Genetic Disorders ?,1
What is (are) Northern epilepsy ?,1
What are the genetic changes related to cystinosis ?,1
What are the genetic changes related to Perry syndrome ?,1
What are the genetic changes related to Duane-radial ray syndrome ?,1
How many people are affected by neuroblastoma ?,1
What is (are) Hypotrichosis simplex ?,1
What is the outlook for Pituitary Tumors ?,1
what research (or clinical trials) is being done for Alzheimer's Disease ?,1
What is (are) Pyelonephritis: Kidney Infection ?,1
What is (are) Beta-thalassemia ?,1
What are the treatments for Primary carnitine deficiency ?,1
What is (are) Brittle diabetes ?,1
What causes Causes of Diabetes ?,1
How to diagnose Rheumatoid Arthritis ?,1
What are the treatments for juvenile Batten disease ?,1
Is multiple sclerosis inherited ?,1
Is 16p11.2 deletion syndrome inherited ?,1
What are the symptoms of Mitochondrial trifunctional protein deficiency ?,1
What is (are) Surviving Cancer ?,1
What is (are) Gerstmann's Syndrome ?,1
What are the symptoms of Myelofibrosis ?,1
what research (or clinical trials) is being done for Moebius Syndrome ?,1
How many people are affected by vitiligo ?,1
How to diagnose Cirrhosis ?,1
How to diagnose Naegeli syndrome ?,1
What are the symptoms of Multiple myeloma ?,1
What causes Dihydrolipoamide dehydrogenase deficiency ?,1
How to diagnose Laryngeal Cancer ?,1
What causes Gardner-Diamond syndrome ?,1
"What are the treatments for immune dysregulation, polyendocrinopathy, enteropathy, X-linked syndrome ?",1
How many people are affected by Kuskokwim syndrome ?,1
What are the symptoms of Alopecia areata ?,1
Is trisomy 18 inherited ?,1
Is Manitoba oculotrichoanal syndrome inherited ?,1
"What is (are) Diabetes, Heart Disease, and Stroke ?",1
What causes Dry Mouth ?,1
What are the symptoms of Benign familial neonatal-infantile seizures ?,1
Is Basilar migraine inherited ?,1
What are the genetic changes related to antiphospholipid syndrome ?,1
what research (or clinical trials) is being done for Empty Sella Syndrome ?,1
What are the symptoms of Hypermanganesemia with dystonia polycythemia and cirrhosis ?,1
Is keratoderma with woolly hair inherited ?,1
What are the treatments for megalencephaly-capillary malformation syndrome ?,1
What are the treatments for Skin Cancer ?,1
What are the treatments for primary myelofibrosis ?,1
What is (are) progressive external ophthalmoplegia ?,1
Is Aicardi-Goutieres syndrome inherited ?,1
What is (are) Norum disease ?,1
What are the genetic changes related to hyperkalemic periodic paralysis ?,1
What are the genetic changes related to hepatic veno-occlusive disease with immunodeficiency ?,1
How many people are affected by thrombotic thrombocytopenic purpura ?,1
What causes Glucose-6-phosphate dehydrogenase deficiency ?,1
What are the symptoms of Congenital generalized lipodystrophy type 2 ?,1
What is (are) COPD ?,1
How many people are affected by Tietz syndrome ?,1
What is (are) Kidney Failure: Eat Right to Feel Right on Hemodialysis ?,1
What is (are) Hyperthyroidism ?,1
What are the genetic changes related to epidermolysis bullosa simplex ?,1
Who is at risk for Adult Soft Tissue Sarcoma? ?,1
What are the symptoms of Charcot-Marie-Tooth disease type 2F ?,1
What are the treatments for Craniopharyngioma ?,1
How to diagnose Kidney Disease of Diabetes ?,1
How many people are affected by Alagille syndrome ?,1
What are the treatments for Encephalitis Lethargica ?,1
What is (are) Treacher Collins syndrome ?,1
What is (are) Tetrasomy X ?,1
what research (or clinical trials) is being done for Dementia ?,1
What to do for Kidney Failure: What to Expect ?,1
What is (are) Simpson-Golabi-Behmel syndrome ?,1
What is (are) Richter syndrome ?,1
"What are the symptoms of Hemophagocytic lymphohistiocytosis, familial, 3 ?",1
Is Kniest dysplasia inherited ?,1
What are the symptoms of Hurler syndrome ?,1
What is (are) myosin storage myopathy ?,1
What are the treatments for hereditary myopathy with early respiratory failure ?,1
What are the genetic changes related to 8p11 myeloproliferative syndrome ?,1
What is (are) Achondrogenesis type 2 ?,1
What is (are) 18q deletion syndrome ?,1
what research (or clinical trials) is being done for Lambert-Eaton Myasthenic Syndrome ?,1
What is (are) Anxiety Disorders ?,1
Is Tracheobronchomalacia inherited ?,1
What is (are) Short Bowel Syndrome ?,1
How many people are affected by hyperprolinemia ?,1
What are the treatments for inherited thyroxine-binding globulin deficiency ?,1
How many people are affected by tuberous sclerosis complex ?,1
Is Chandler's syndrome inherited ?,1
Who is at risk for Primary Sclerosing Cholangitis? ?,1
Is Cowden syndrome inherited ?,1
What are the treatments for Kimura disease ?,1
What is (are) Dislocations ?,1
What is (are) Urinary Tract Infections ?,1
What is the outlook for Breast Cancer ?,1
What causes Synovial Chondromatosis ?,1
What are the genetic changes related to spastic paraplegia type 31 ?,1
What are the symptoms of Optic atrophy 5 ?,1
What is (are) Intrahepatic cholangiocarcinoma ?,1
What are the symptoms of Griscelli syndrome ?,1
Who is at risk for Prostate Cancer? ?,1
What are the symptoms of Chromosome 17p13.1 deletion syndrome ?,1
What is the outlook for Migraine ?,1
Is Hereditary spherocytosis inherited ?,1
what research (or clinical trials) is being done for Nasopharyngeal Cancer ?,1
What are the symptoms of Papillary renal cell carcinoma ?,1
What is (are) epidermolysis bullosa with pyloric atresia ?,1
What is (are) Syndactyly type 3 ?,1
What are the symptoms of Angelman syndrome ?,1
What are the genetic changes related to potassium-aggravated myotonia ?,1
How to diagnose Wolfram syndrome ?,1
Is Alopecia universalis inherited ?,1
What is (are) Miller-Dieker syndrome ?,1
What is (are) Complete androgen insensitivity syndrome ?,1
What is (are) Li-Fraumeni syndrome ?,1
What causes Inclusion body myopathy 2 ?,1
What is (are) tetrahydrobiopterin deficiency ?,1
What is (are) Self-harm ?,1
What is (are) Bowen-Conradi syndrome ?,1
How to diagnose Parasites - Scabies ?,1
Is Primary carnitine deficiency inherited ?,1
How many people are affected by Heart Failure ?,1
How to diagnose Adenocarcinoma of the appendix ?,1
What is (are) Chronic progressive external ophthalmoplegia ?,1
What are the symptoms of Rhizomelic chondrodysplasia punctata type 3 ?,1
What are the treatments for osteogenesis imperfecta ?,1
What is (are) Myelofibrosis ?,1
What are the genetic changes related to hereditary hemorrhagic telangiectasia ?,1
What is (are) Heart Attack ?,1
How many people are affected by inclusion body myopathy 2 ?,1
What are the symptoms of Chilaiditi syndrome ?,1
What are the treatments for Atypical Chronic Myelogenous Leukemia ?,1
What is (are) Wolff-Parkinson-White syndrome ?,1
"What are the treatments for Periodic fever, aphthous stomatitis, pharyngitis and adenitis ?",1
How many people are affected by familial lipoprotein lipase deficiency ?,1
What is (are) Werner's syndrome ?,1
How to diagnose What I need to know about Gestational Diabetes ?,1
What are the treatments for progressive familial intrahepatic cholestasis ?,1
What are the genetic changes related to dilated cardiomyopathy with ataxia syndrome ?,1
Is Neuroblastoma inherited ?,1
What are the symptoms of Fowler's syndrome ?,1
what research (or clinical trials) is being done for Tremor ?,1
What is (are) Monkeypox Virus Infections ?,1
What are the complications of Ectopic Kidney ?,1
"What are the symptoms of Preaxial deficiency, postaxial polydactyly and hypospadias ?",1
What are the treatments for PDGFRA-associated chronic eosinophilic leukemia ?,1
What is (are) Constipation ?,1
What is (are) Eye Injuries ?,1
What are the genetic changes related to ornithine translocase deficiency ?,1
What is (are) monilethrix ?,1
What is (are) Ehrlichiosis ?,1
How to prevent Parasites - Paragonimiasis (also known as Paragonimus Infection) ?,1
What are the genetic changes related to isolated growth hormone deficiency ?,1
What is (are) malignant hyperthermia ?,1
What are the treatments for Chronic Neutrophilic Leukemia ?,1
What is the outlook for Mitochondrial Myopathy ?,1
what research (or clinical trials) is being done for Chronic Lymphocytic Leukemia ?,1
What are the treatments for familial idiopathic basal ganglia calcification ?,1
Is Miller-Dieker syndrome inherited ?,1
What are the genetic changes related to Rotor syndrome ?,1
Who is at risk for Anemia of Inflammation and Chronic Disease? ?,1
How to prevent Thalassemias ?,1
What is (are) Char syndrome ?,1
What is (are) Stroke ?,1
What is (are) Knee Replacement ?,1
What are the symptoms of Childhood Ependymoma ?,1
What is (are) Thrombocytopenia ?,1
Do you have information about Diabetic Diet,1
What are the complications of Crohn's Disease ?,1
What are the symptoms of Banki syndrome ?,1
What is (are) Medicare and Continuing Care ?,1
How many people are affected by Feingold syndrome ?,1
What are the genetic changes related to cytochrome c oxidase deficiency ?,1
What is (are) carnitine-acylcarnitine translocase deficiency ?,1
What is (are) Focal dermal hypoplasia ?,1
What are the symptoms of Deafness enamel hypoplasia nail defects ?,1
What are the symptoms of Gastrointestinal Stromal Tumors ?,1
What are the treatments for Peyronie's Disease ?,1
What are the symptoms of Peters plus syndrome ?,1
Is Schimke immuno-osseous dysplasia inherited ?,1
What is (are) Surviving Cancer ?,1
Is mucopolysaccharidosis type IV inherited ?,1
How to diagnose Von Hippel-Lindau disease ?,1
What are the symptoms of Metaphyseal chondrodysplasia Spahr type ?,1
How many people are affected by Knobloch syndrome ?,1
How many people are affected by Naegeli-Franceschetti-Jadassohn syndrome/dermatopathia pigmentosa reticularis ?,1
"What are the symptoms of Hyperostosis corticalis generalisata, benign form of Worth with torus palatinus ?",1
What is (are) Bilateral perisylvian polymicrogyria ?,1
What is (are) Danon disease ?,1
What is (are) Polyembryoma ?,1
What is the outlook for Adult Soft Tissue Sarcoma ?,1
What are the treatments for Kidney Failure: Choosing a Treatment That's Right for You ?,1
What are the genetic changes related to hypochondroplasia ?,1
What are the symptoms of Factor V deficiency ?,1
What is (are) Childbirth Problems ?,1
What is (are) Liver Cancer ?,1
What are the treatments for focal dermal hypoplasia ?,1
What is (are) What I need to know about Crohn's Disease ?,1
How to prevent Urinary Tract Infection In Adults ?,1
what research (or clinical trials) is being done for Repetitive Motion Disorders ?,1
What is (are) Tetralogy of Fallot ?,1
What are the symptoms of Williams syndrome ?,1
What are the symptoms of Hyper-IgD syndrome ?,1
What are the treatments for Lung Cancer ?,1
What are the treatments for Spina Bifida ?,1
What are the symptoms of Myopathy congenital ?,1
What are the symptoms of Retinal cone dystrophy 4 ?,1
What causes Causes of Diabetes ?,1
What are the symptoms of Chronic intestinal pseudoobstruction ?,1
What are the treatments for Camurati-Engelmann disease ?,1
How to diagnose Colon Cancer ?,1
What are the symptoms of Sjogren-Larsson-like syndrome ?,1
What are the treatments for spina bifida ?,1
What is the outlook for Hemicrania Continua ?,1
What are the treatments for Kidney Disease ?,1
What are the symptoms of Pleurisy and Other Pleural Disorders ?,1
What to do for What I need to know about Kidney Stones ?,1
What is (are) fibrochondrogenesis ?,1
What is (are) Chromosome 8q deletion ?,1
What is (are) Aicardi Syndrome ?,1
What is the outlook for Knee Replacement ?,1
What are the symptoms of Balance Problems ?,1
what research (or clinical trials) is being done for Neuronal Migration Disorders ?,1
What are the treatments for trimethylaminuria ?,1
What are the genetic changes related to Simpson-Golabi-Behmel syndrome ?,1
What causes COPD ?,1
What are the symptoms of Prevent diabetes problems: Keep your kidneys healthy ?,1
how is hps diagnosed and treated for Hantavirus ?,1
How to diagnose Cryptogenic organizing pneumonia ?,1
What are the treatments for Refsum disease ?,1
How to diagnose Chronic Myeloproliferative Neoplasms ?,1
What is (are) Home Care Services ?,1
What are the treatments for glutaric acidemia type I ?,1
What is (are) Pulmonary Hypertension ?,1
How many people are affected by Fanconi anemia ?,1
What is (are) Congenital hypothyroidism ?,1
What are the symptoms of Moyamoya disease ?,1
What are the treatments for Fibrodysplasia ossificans progressiva ?,1
What are the stages of Childhood Craniopharyngioma ?,1
What is (are) Multicentric reticulohistiocytosis ?,1
How many people are affected by cytochrome c oxidase deficiency ?,1
How to diagnose Multifocal choroiditis ?,1
How to diagnose Heart Disease in Women ?,1
What are the genetic changes related to arrhythmogenic right ventricular cardiomyopathy ?,1
What are the genetic changes related to methylmalonic acidemia with homocystinuria ?,1
What are the symptoms of Xeroderma pigmentosum type 7 ?,1
How to prevent Lung Cancer ?,1
What is (are) spastic paraplegia type 3A ?,1
What is (are) Muenke syndrome ?,1
What is (are) Progressive Supranuclear Palsy ?,1
Is trimethylaminuria inherited ?,1
What is (are) early-onset primary dystonia ?,1
How to diagnose Parasites - Leishmaniasis ?,1
what research (or clinical trials) is being done for Merkel Cell Carcinoma ?,1
What is (are) Urinary Tract Infections in Children ?,1
What are the treatments for microcephaly-capillary malformation syndrome ?,1
What are the symptoms of Tyrosinemia type 1 ?,1
Is Abetalipoproteinemia inherited ?,1
What are the treatments for Brain and Spinal Tumors ?,1
What is (are) Harlequin ichthyosis ?,1
How many people are affected by Donohue syndrome ?,1
How to diagnose Childhood Brain and Spinal Cord Tumors ?,1
What are the treatments for Neuroaxonal dystrophy ?,1
What to do for Am I at Risk for Type 2 Diabetes? Taking Steps to Lower Your Risk of Getting Diabetes ?,1
What is (are) benign familial neonatal seizures ?,1
What is (are) Sotos syndrome ?,1
What is (are) Nevoid basal cell carcinoma syndrome ?,1
What are the treatments for Ectopic Kidney ?,1
How many people are affected by SYNGAP1-related intellectual disability ?,1
What is (are) Reticulohistiocytoma ?,1
What are the symptoms of Vulvar Cancer ?,1
What are the symptoms of Leukoplakia ?,1
Is polymicrogyria inherited ?,1
Is osteopetrosis inherited ?,1
What are the treatments for Multiple pterygium syndrome Escobar type ?,1
What are the symptoms of NADH cytochrome B5 reductase deficiency ?,1
What are the treatments for capillary malformation-arteriovenous malformation syndrome ?,1
What are the treatments for chronic atrial and intestinal dysrhythmia ?,1
What is (are) Pigmented purpuric eruption ?,1
What are the symptoms of Desmoplastic infantile ganglioglioma ?,1
What are the symptoms of Nestor-guillermo progeria syndrome ?,1
What are the genetic changes related to amyotrophic lateral sclerosis ?,1
What are the symptoms of Hepatic lipase deficiency ?,1
What are the genetic changes related to microphthalmia with linear skin defects syndrome ?,1
What are the symptoms of Rett syndrome ?,1
What are the genetic changes related to mitochondrial trifunctional protein deficiency ?,1
What are the treatments for Common variable immunodeficiency ?,1
What is (are) Head Lice ?,1
What are the symptoms of Deafness nephritis anorectal malformation ?,1
What is (are) Pudendal Neuralgia ?,1
Is MYH9-related disorder inherited ?,1
"What is (are) Blepharophimosis, ptosis, and epicanthus inversus syndrome type 1 ?",1
What are the genetic changes related to DOLK-congenital disorder of glycosylation ?,1
What are the symptoms of Optic atrophy 2 ?,1
What are the symptoms of What I need to know about Hepatitis B ?,1
What is the outlook for Huntington's Disease ?,1
Who is at risk for Biliary Atresia? ?,1
What to do for Microscopic Colitis: Collagenous Colitis and Lymphocytic Colitis ?,1
What are the symptoms of Lafora disease ?,1
What are the genetic changes related to congenital dyserythropoietic anemia ?,1
What is (are) Serpiginous choroiditis ?,1
How many people are affected by ring chromosome 20 syndrome ?,1
How many people are affected by bladder cancer ?,1
What is (are) Maffucci syndrome ?,1
What is (are) hystrix-like ichthyosis with deafness ?,1
What causes Anencephaly ?,1
How many people are affected by Larsen syndrome ?,1
What are the genetic changes related to IRAK-4 deficiency ?,1
What are the symptoms of Penttinen-Aula syndrome ?,1
What are the symptoms of Trichorhinophalangeal syndrome type 3 ?,1
What causes Holes in the Heart ?,1
What is (are) Peripheral Artery Disease ?,1
How many people are affected by infantile-onset spinocerebellar ataxia ?,1
What are the treatments for familial hemiplegic migraine ?,1
What are the treatments for Budd-Chiari syndrome ?,1
What are the treatments for Parkes Weber syndrome ?,1
What are the genetic changes related to Pompe disease ?,1
What are the treatments for Acromegaly ?,1
What is (are) Schnitzler syndrome ?,1
What are the treatments for Coffin-Lowry syndrome ?,1
What are the symptoms of Osteomesopyknosis ?,1
What are the treatments for harlequin ichthyosis ?,1
What causes Parkinson disease ?,1
What are the genetic changes related to Parkes Weber syndrome ?,1
What causes Neurofibromatosis type 1 ?,1
How many people are affected by transthyretin amyloidosis ?,1
Is Nijmegen breakage syndrome inherited ?,1
How to diagnose Prader-Willi syndrome ?,1
What are the treatments for Bell's Palsy ?,1
What are the genetic changes related to Timothy syndrome ?,1
What is (are) Cockayne syndrome type III ?,1
What are the genetic changes related to prekallikrein deficiency ?,1
Do you have information about HIV/AIDS Medicines,1
What are the symptoms of Abetalipoproteinemia ?,1
What are the genetic changes related to 9q22.3 microdeletion ?,1
What is the outlook for Aicardi Syndrome ?,1
What are the treatments for galactosemia ?,1
Do you have information about Genes and Gene Therapy,1
What are the genetic changes related to Wiskott-Aldrich syndrome ?,1
What is (are) Toilet Training ?,1
What are the treatments for Rickets ?,1
How many people are affected by ankyloblepharon-ectodermal defects-cleft lip/palate syndrome ?,1
What are the symptoms of Hemolytic anemia lethal congenital nonspherocytic with genital and other abnormalities ?,1
Who is at risk for Childhood Extracranial Germ Cell Tumors? ?,1
How to prevent Prescription and Illicit Drug Abuse ?,1
How to diagnose Bronchitis ?,1
What is the outlook for Wallenberg's Syndrome ?,1
Is 9q22.3 microdeletion inherited ?,1
How to diagnose Microhydranencephaly ?,1
What are the symptoms of Amish lethal microcephaly ?,1
What is (are) Globozoospermia ?,1
How to prevent Hypoglycemia ?,1
How many people are affected by myoclonus-dystonia ?,1
What is (are) Prevent diabetes problems: Keep your kidneys healthy ?,1
What are the symptoms of Cerebral sclerosis similar to Pelizaeus-Merzbacher disease ?,1
What are the treatments for neuromyelitis optica ?,1
what are the symptoms of botulism?,1
What are the symptoms of SHORT syndrome ?,1
What are the symptoms of Symmetrical thalamic calcifications ?,1
What is the outlook for Traumatic Brain Injury ?,1
Is tubular aggregate myopathy inherited ?,1
What are the symptoms of Hemolytic Uremic Syndrome in Children ?,1
What are the treatments for retinal arterial macroaneurysm with supravalvular pulmonic stenosis ?,1
What is (are) Whiplash ?,1
what research (or clinical trials) is being done for Plasma Cell Neoplasms (Including Multiple Myeloma) ?,1
Is erythrokeratodermia variabilis et progressiva inherited ?,1
What causes Osteoarthritis ?,1
What are the treatments for Amyloidosis and Kidney Disease ?,1
What is (are) Plasminogen activator inhibitor type 1 deficiency ?,1
What is (are) Gillespie syndrome ?,1
"What are the symptoms of Progressive external ophthalmoplegia, autosomal recessive 1 ?",1
What is (are) cranioectodermal dysplasia ?,1
What are the treatments for hereditary hemorrhagic telangiectasia ?,1
What are the treatments for myoclonic epilepsy with ragged-red fibers ?,1
Is arginase deficiency inherited ?,1
Do you have information about Sports Fitness,1
How to diagnose Ewing Sarcoma ?,1
What causes Pigmented villonodular synovitis ?,1
What are the treatments for fumarase deficiency ?,1
Is congenital bilateral absence of the vas deferens inherited ?,1
Is Familial Mediterranean fever inherited ?,1
What are the genetic changes related to neurofibromatosis type 1 ?,1
What are the treatments for Coccygodynia ?,1
What is (are) Congenital chloride diarrhea ?,1
What are the genetic changes related to anhidrotic ectodermal dysplasia with immune deficiency ?,1
What is (are) rippling muscle disease ?,1
What are the symptoms of Adult-onset Still's disease ?,1
What causes Complex regional pain syndrome ?,1
What are the symptoms of Progeria ?,1
Is X-linked chondrodysplasia punctata 1 inherited ?,1
What are the treatments for Kidney Disease ?,1
What is (are) Essential tremor ?,1
How many people are affected by 17-beta hydroxysteroid dehydrogenase 3 deficiency ?,1
What is (are) Split hand/foot malformation X-linked ?,1
What are the genetic changes related to multiple system atrophy ?,1
How many people are affected by lattice corneal dystrophy type II ?,1
What is (are) Hypophosphatemic rickets ?,1
How to prevent Lymphocytic Choriomeningitis (LCM) ?,1
What is (are) Microscopic Colitis: Collagenous Colitis and Lymphocytic Colitis ?,1
What is (are) Keutel syndrome ?,1
What are the treatments for Glucose-6-phosphate dehydrogenase deficiency ?,1
What is (are) Monomelic Amyotrophy ?,1
What are the symptoms of Camptodactyly taurinuria ?,1
What is (are) ADCY5-related dyskinesia ?,1
What is (are) asphyxiating thoracic dystrophy ?,1
What is (are) Hearing Problems in Children ?,1
What is (are) Meniere's Disease ?,1
What is (are) cone-rod dystrophy ?,1
How to diagnose High Blood Pressure and Kidney Disease ?,1
"What are the symptoms of Ichthyosis hystrix, Curth Macklin type ?",1
What is (are) Carcinoid syndrome ?,1
What is (are) Neuroblastoma ?,1
What are the symptoms of Scalp ear nipple syndrome ?,1
What are the treatments for oral-facial-digital syndrome ?,1
What are the treatments for Bronchiolitis obliterans organizing pneumonia ?,1
Is X-linked spondyloepiphyseal dysplasia tarda inherited ?,1
What are the treatments for Chronic lymphocytic inflammation with pontine perivascular enhancement responsive to steroids ?,1
Is metachromatic leukodystrophy inherited ?,1
What is (are) Friedreich ataxia ?,1
What is (are) Creating a Family Health History ?,1
What is (are) juvenile primary lateral sclerosis ?,1
What is (are) Acquired Cystic Kidney Disease ?,1
"What are the treatments for Craniometaphyseal dysplasia, autosomal recessive type ?",1
What are the symptoms of Prevent diabetes problems: Keep your heart and blood vessels healthy ?,1
What is (are) Alpha-1 Antitrypsin Deficiency ?,1
What causes Inguinal Hernia ?,1
What is (are) Alternating Hemiplegia ?,1
What are the genetic changes related to aromatase excess syndrome ?,1
What are the symptoms of Short limb dwarf lethal Colavita Kozlowski type ?,1
What is (are) Ataxia Telangiectasia ?,1
What is (are) hereditary diffuse gastric cancer ?,1
"What is (are) hypermanganesemia with dystonia, polycythemia, and cirrhosis ?",1
Is Hyper-IgD syndrome inherited ?,1
What causes Hypothyroidism ?,1
How many people are affected by Urinary Tract Infection In Adults ?,1
How many people are affected by GRN-related frontotemporal dementia ?,1
What are the treatments for Primary Lateral Sclerosis ?,1
How many people are affected by ZAP70-related severe combined immunodeficiency ?,1
What is (are) Denys-Drash syndrome ?,1
What is (are) TEMPI syndrome ?,1
What causes Cherubism ?,1
Is Perrault syndrome inherited ?,1
What are the symptoms of Leprechaunism ?,1
What are the symptoms of Harlequin ichthyosis ?,1
What are the treatments for glycogen storage disease type IX ?,1
Is cryptogenic cirrhosis inherited ?,1
What is (are) Polycystic liver disease ?,1
Is pulmonary alveolar microlithiasis inherited ?,1
What is (are) Dihydropyrimidine dehydrogenase deficiency ?,1
How to diagnose Congenital adrenal hyperplasia ?,1
Who is at risk for Cough? ?,1
Do you have information about Body Weight,1
What causes What I need to know about Hirschsprung Disease ?,1
What are the treatments for Bart-Pumphrey syndrome ?,1
How many people are affected by X-linked infantile spasm syndrome ?,1
What is (are) Heartburn ?,1
What are the complications of Gastritis ?,1
How many people are affected by Wagner syndrome ?,1
What causes Cirrhosis ?,1
What is (are) pyridoxal 5'-phosphate-dependent epilepsy ?,1
What is (are) Familial hypertrophic cardiomyopathy ?,1
What is (are) Muscular dystrophy ?,1
what research (or clinical trials) is being done for Moyamoya Disease ?,1
What are the treatments for Klippel-Feil syndrome ?,1
Do you have information about Breast Reconstruction,1
What is (are) Yellow nail syndrome ?,1
Is Ewing sarcoma inherited ?,1
How many people are affected by Rubinstein-Taybi syndrome ?,1
What is (are) Limb-girdle muscular dystrophy type 2I ?,1
What are the genetic changes related to myoclonic epilepsy myopathy sensory ataxia ?,1
What is (are) Empty sella syndrome ?,1
What are the treatments for Broken Heart Syndrome ?,1
How to diagnose Klinefelter syndrome ?,1
What are the symptoms of Leucine-sensitive hypoglycemia of infancy ?,1
"What are the symptoms of Myelodysplastic/ Myeloproliferative Neoplasm, Unclassifiable ?",1
What are the complications of Hemolytic Uremic Syndrome in Children ?,1
What are the treatments for Mineral and Bone Disorder in Chronic Kidney Disease ?,1
How to diagnose Mntriers Disease ?,1
What are the symptoms of Arachnodactyly - intellectual disability - dysmorphism ?,1
How to diagnose Nephrogenic diabetes insipidus ?,1
What is (are) Hearing Loss ?,1
What is (are) Nance-Horan syndrome ?,1
What are the symptoms of Familial hemiplegic migraine type 1 ?,1
What is (are) Mosaic trisomy 9 ?,1
"How to prevent Ovarian, Fallopian Tube, and Primary Peritoneal Cancer ?",1
What are the treatments for Camurati-Engelmann disease ?,1
"What are the symptoms of Whistling face syndrome, recessive form ?",1
What is (are) Childhood Vascular Tumors ?,1
What causes McCune Albright syndrome ?,1
What are the complications of Biliary Atresia ?,1
What are the stages of Endometrial Cancer ?,1
What are the treatments for Mowat-Wilson syndrome ?,1
What is (are) Paraneoplastic Syndromes ?,1
What are the symptoms of CADASIL ?,1
What are the symptoms of Nevoid basal cell carcinoma syndrome ?,1
What are the treatments for Myotonia Congenita ?,1
What are the symptoms of Wilson Disease ?,1
What is (are) Klebsiella infection ?,1
What are the treatments for microphthalmia with linear skin defects syndrome ?,1
What is the outlook for Neurotoxicity ?,1
Is Lafora progressive myoclonus epilepsy inherited ?,1
Is glucose-galactose malabsorption inherited ?,1
What is (are) polymicrogyria ?,1
Do you have information about Hurricanes,1
Is Swyer syndrome inherited ?,1
What is (are) Horizontal gaze palsy with progressive scoliosis ?,1
How to diagnose Laron syndrome ?,1
"What are the treatments for Hereditary angiopathy with nephropathy, aneurysms, and muscle cramps syndrome ?",1
How to diagnose Short Bowel Syndrome ?,1
What are the treatments for Leukoencephalopathy with vanishing white matter ?,1
What is the outlook for Febrile Seizures ?,1
What are the symptoms of Minicore myopathy with external ophthalmoplegia ?,1
How many people are affected by leukoencephalopathy with vanishing white matter ?,1
What are the symptoms of Bowen syndrome ?,1
What is (are) Benign rolandic epilepsy (BRE) ?,1
What are the genetic changes related to hereditary diffuse gastric cancer ?,1
What are the symptoms of Fibrolamellar carcinoma ?,1
what research (or clinical trials) is being done for Giant Axonal Neuropathy ?,1
How many people are affected by familial exudative vitreoretinopathy ?,1
Do you have information about Birth Weight,1
How many people are affected by horizontal gaze palsy with progressive scoliosis ?,1
How to diagnose Insomnia ?,1
What are the treatments for Schwartz Jampel syndrome type 1 ?,1
Who is at risk for Prostate Cancer? ?,1
What are the treatments for Foot Drop ?,1
What are the treatments for PRICKLE1-related progressive myoclonus epilepsy with ataxia ?,1
Who is at risk for Lung Cancer? ?,1
what research (or clinical trials) is being done for Polymyositis ?,1
What are the treatments for Post-Polio Syndrome ?,1
What are the symptoms of Primary carnitine deficiency ?,1
What to do for Dumping Syndrome ?,1
